{"bot_about": 0.15904521942138672, "dns_about": 0.08782412111759186, "exit": 0.9926648139953613, "raft_about": 0.9974175691604614}